,sum_sq,df,F,PR(>F)
C(year),595180327336722.9,26.0,106.29612727424725,0.0
max_power,2234959695426114.0,1.0,10377.958212803978,0.0
Residual,1696577700500275.8,7878.0,,
