,sum_sq,df,F,PR(>F)
C(year),658787.7388133849,26.0,21.141997395225573,7.600333285217011e-96
Residual,9442722.89502285,7879.0,,
